{
  "name" : "RESULT_STAGING-1744231060057",
  "sourceOrgId" : "32y8fIO7I3IeonSDGNKSm7",
  "sourceOrgName" : "testing",
  "exportedObjects" : [ {
    "objectGuid" : "3yzEgrUddKjbp0A1KyN6aT",
    "objectName" : "STAGING_TABLE",
    "objectType" : "DTEMPLATE",
    "path" : "/Explore/Default",
    "metadata" : {
      "modelVersion" : {
        "major" : 0,
        "minor" : 0
      },
      "repoInfo" : {
        "repoHandle" : "012X0N1700000000000O"
      },
      "objectRefs" : [ "6V5gCCDIlhmbgg5ENR4jEd", "ie720rWRf6eiLOdw5twiCg", "4SkBQ2cMUqRdNOY1gxf1mi" ],
      "contextAttributes" : [ {
        "name" : "id",
        "value" : "@1"
      } ],
      "additionalInfo" : {
        "description" : "",
        "contentType" : "JSON",
        "documentState" : "VALID"
      }
    }
  }, {
    "objectGuid" : "0O95v48K6yQb2cyFrz8jys",
    "objectName" : "RESULT_STAGING",
    "objectType" : "MTT",
    "path" : "/Explore/Default",
    "metadata" : {
      "modelVersion" : {
        "major" : 0,
        "minor" : 0
      },
      "repoInfo" : {
        "repoHandle" : "012X0N0Z00000000000N"
      },
      "objectRefs" : [ "3yzEgrUddKjbp0A1KyN6aT", "iIp4t25H2MrhVlKaXGudcv", "6V5gCCDIlhmbgg5ENR4jEd", "ie720rWRf6eiLOdw5twiCg", "4SkBQ2cMUqRdNOY1gxf1mi" ],
      "contextAttributes" : [ {
        "name" : "id",
        "value" : "@1"
      } ],
      "additionalInfo" : {
        "description" : null,
        "contentType" : "JSON",
        "documentState" : "VALID"
      }
    }
  }, {
    "objectGuid" : "iIp4t25H2MrhVlKaXGudcv",
    "objectName" : "MSI",
    "objectType" : "AgentGroup",
    "path" : "/SYS",
    "metadata" : {
      "modelVersion" : {
        "major" : 0,
        "minor" : 0
      },
      "repoInfo" : {
        "repoHandle" : "012X0N2500000000002U"
      },
      "objectRefs" : [ ],
      "contextAttributes" : [ {
        "name" : "id",
        "value" : "@1"
      } ],
      "additionalInfo" : {
        "description" : null,
        "contentType" : "JSON",
        "documentState" : "VALID"
      }
    }
  }, {
    "objectGuid" : "6V5gCCDIlhmbgg5ENR4jEd",
    "objectName" : "Fixed-Width File Format1",
    "objectType" : "FWCONFIG",
    "path" : "/Explore/Default",
    "metadata" : {
      "modelVersion" : {
        "major" : 0,
        "minor" : 0
      },
      "repoInfo" : {
        "repoHandle" : "012X0N29000000000002"
      },
      "objectRefs" : [ ],
      "contextAttributes" : [ {
        "name" : "id",
        "value" : "@1"
      } ],
      "additionalInfo" : {
        "description" : "",
        "contentType" : "JSON",
        "documentState" : "VALID"
      }
    }
  }, {
    "objectGuid" : "ie720rWRf6eiLOdw5twiCg",
    "objectName" : "final_sql_connection",
    "objectType" : "Connection",
    "path" : "/SYS",
    "metadata" : {
      "modelVersion" : {
        "major" : 0,
        "minor" : 0
      },
      "repoInfo" : {
        "repoHandle" : "012X0N0B000000000009"
      },
      "objectRefs" : [ "iIp4t25H2MrhVlKaXGudcv" ],
      "contextAttributes" : [ {
        "name" : "id",
        "value" : "@1"
      } ],
      "additionalInfo" : {
        "description" : null,
        "contentType" : "JSON",
        "documentState" : "COMPLETE"
      }
    }
  }, {
    "objectGuid" : "4SkBQ2cMUqRdNOY1gxf1mi",
    "objectName" : "final_flat_file_conn",
    "objectType" : "Connection",
    "path" : "/SYS",
    "metadata" : {
      "modelVersion" : {
        "major" : 0,
        "minor" : 0
      },
      "repoInfo" : {
        "repoHandle" : "012X0N0B000000000008"
      },
      "objectRefs" : [ "iIp4t25H2MrhVlKaXGudcv" ],
      "contextAttributes" : [ {
        "name" : "id",
        "value" : "@1"
      } ],
      "additionalInfo" : {
        "description" : null,
        "contentType" : "JSON",
        "documentState" : "COMPLETE"
      }
    }
  }, {
    "objectGuid" : "auYQEBQn9cBfYLcrqLgHGw",
    "objectName" : "Default",
    "objectType" : "Project",
    "path" : "/Explore",
    "metadata" : {
      "modelVersion" : {
        "major" : 0,
        "minor" : 0
      },
      "repoInfo" : null,
      "objectRefs" : [ ],
      "contextAttributes" : [ {
        "name" : "IS_DEF_LOC",
        "value" : "true"
      } ],
      "additionalInfo" : {
        "description" : "Auto-generated Default Project",
        "contentType" : null,
        "documentState" : "COMPLETE"
      }
    }
  } ]
}